{"cameraMode":{"drawMode":0,"name":"Shaded","section":"Shading Mode"},"sceneLighting":false,"audioPlay":false,"sceneViewState":{"showFog":true,"showMaterialUpdate":false,"showSkybox":false,"showFlares":true,"showImageEffects":true,"showParticleSystems":true},"in2DMode":false,"pivot":{"x":0.013699531555175782,"y":0.9370418787002564,"z":0.5697742700576782},"rotation":{"x":-0.13953286409378053,"y":-0.6707980036735535,"z":0.13061369955539704,"w":-0.7165919542312622},"size":1.788650631904602,"orthographic":false}